Entity,Code,Year,TotAl_PerCapita,"GDP per capita, PPP (constant 2017 international $)",Population (historical estimates),Continent
Afghanistan,AFG,2000,,,20779957,
Africa,,2000,,,810984230,
Africa Eastern and Southern,,2000,5.014051016,2654.7679,,
Africa Western and Central,,2000,8.092473514,2676.806408,,
Albania,ALB,2000,6.57,5893.136233,3129246,
Algeria,DZA,2000,0.58,8710.455149,31042238,
American Samoa,ASM,2000,,,57816,
Andorra,AND,2000,13.28,,65390,
Angola,AGO,2000,2.76,4727.966314,16395476,
Anguilla,AIA,2000,,,11247,
Antigua and Barbuda,ATG,2000,5.13,18313.34971,76007,
Arab World,,2000,0.672858249,10994.08909,,
Argentina,ARG,2000,8.75,18625.28355,36870796,
Armenia,ARM,2000,4.23,4048.249904,3069597,
Aruba,ABW,2000,,41499.63854,90866,
Asia,,2000,,,3740320064,
Australia,AUS,2000,11.72,38343.00215,18991434,
Austria,AUT,2000,13.12,46403.2777,8069276,
Azerbaijan,AZE,2000,3.45,4063.471641,8122743,
Bahamas,BHS,2000,5.58,40518.17951,298045,
Bahrain,BHR,2000,1.74,49406.29103,664610,
Bangladesh,BGD,2000,0.23,1937.729192,127657862,
Barbados,BRB,2000,7.11,15124.43624,271511,
Belarus,BLR,2000,15.17,8053.173638,9871635,
Belgium,BEL,2000,12.49,43023.30716,10282046,
Belize,BLZ,2000,5.55,6599.339352,247310,
Benin,BEN,2000,2.46,2478.218238,6865946,
Bermuda,BMU,2000,,83181.52634,65016,
Bhutan,BTN,2000,2.77,4061.499026,591014,
Bolivia,BOL,2000,3.44,5415.52606,8418270,
Bonaire Sint Eustatius and Saba,BES,2000,,,14387,
Bosnia and Herzegovina,BIH,2000,6.37,7114.552765,3751176,
Botswana,BWA,2000,9.05,11439.9084,1643333,
Brazil,BRA,2000,8.78,11600.94846,174790339,
British Virgin Islands,VGB,2000,,,20313,
Brunei,BRN,2000,0.23,69022.88016,333166,
Bulgaria,BGR,2000,11.8,10201.27812,7997951,
Burkina Faso,BFA,2000,8.4,1296.74796,11607951,
Burundi,BDI,2000,9.82,828.00046,6378871,
Cambodia,KHM,2000,1.87,1481.656828,12155241,
Cameroon,CMR,2000,6.69,2750.511165,15513944,
Canada,CAN,2000,,37194.3956,30588379,
Cape Verde,CPV,2000,6.03,4065.479414,428178,
Caribbean Small States,,2000,5.862240321,12775.56421,,
Cayman Islands,CYM,2000,,,42305,
Central African Republic,CAF,2000,3.68,1040.103835,3640421,
Central Europe and the Baltics,,2000,12.62650036,16165.1095,,
Chad,TCD,2000,4.34,897.3470374,8355654,
Channel Islands,OWID_CIS,2000,,,148439,
Chile,CHL,2000,7.74,15638.00094,15342350,
China,CHN,2000,3.81,3451.679231,1290550767,
Colombia,COL,2000,5.58,9042.662791,39629965,
Comoros,COM,2000,0.19,2833.591016,542358,
Congo,COG,2000,3.45,4402.901455,3127420,
Cook Islands,COK,2000,,,17935,
Costa Rica,CRI,2000,5.55,12624.07057,3962369,
Cote d'Ivoire,CIV,2000,7.25,4093.874782,16454660,
Croatia,HRV,2000,12.45,18183.58811,4428075,
Cuba,CUB,2000,4.98,,11126423,
Curacao,CUW,2000,,29669.86461,132147,
Cyprus,CYP,2000,10.86,33013.98251,943288,
Czechia,CZE,2000,15,24976.50632,10289374,
Democratic Republic of Congo,COD,2000,0.95,751.5577568,47105830,
Denmark,DNK,2000,12.67,48907.0114,5341192,
Djibouti,DJI,2000,1.62,,717577,
Dominica,DMA,2000,8.38,9611.53337,69650,
Dominican Republic,DOM,2000,7.19,9322.139196,8471317,
Early-demographic dividend,,2000,2.511086062,5429.539409,,
East Asia & Pacific,,2000,4.092755052,7267.7532,,
East Asia & Pacific (IDA & IBRD),,2000,3.427089536,4046.572257,,
East Asia & Pacific (excluding high income),,2000,3.428277993,4002.942645,,
Ecuador,ECU,2000,5.96,8176.344448,12681123,
Egypt,EGY,2000,0.25,7744.715238,68831561,
El Salvador,SLV,2000,3.86,6548.63137,5887930,
Equatorial Guinea,GNQ,2000,7.45,11176.51896,606180,
Eritrea,ERI,2000,1.57,,2292413,
Estonia,EST,2000,9.57,17778.96558,1399111,
Eswatini,SWZ,2000,7.46,5579.136559,1005432,
Ethiopia,ETH,2000,1.76,727.7666847,66224808,
Euro area,,2000,12.71715516,39554.48441,,
Europe,,2000,,,726503736,
Europe & Central Asia,,2000,12.07242738,25379.46862,,
Europe & Central Asia (IDA & IBRD),,2000,11.27565184,11741.91459,,
Europe & Central Asia (excluding high income),,2000,11.48155361,11227.21615,,
European Union,,2000,12.63936868,34573.79672,,
Faeroe Islands,FRO,2000,,,46738,
Falkland Islands,FLK,2000,,,2893,
Fiji,FJI,2000,3.24,9575.878839,811011,
Finland,FIN,2000,11.69,39894.19446,5187953,
Fragile and conflict affected situations,,2000,4.827625153,,,
France,FRA,2000,14.08,39732.28245,59015092,
French Guiana,GUF,2000,,,163163,
French Polynesia,PYF,2000,,,240681,
Gabon,GAB,2000,10.59,16567.24561,1228359,
Gambia,GMB,2000,4.14,2270.486495,1317708,
Georgia,GEO,2000,4.41,4919.23188,4362184,
Germany,DEU,2000,14.16,42864.93289,81400883,
Ghana,GHA,2000,5.3,2734.806763,19278850,
Gibraltar,GIB,2000,,,31081,
Greece,GRC,2000,10.18,29186.32455,11082103,
Greenland,GRL,2000,,,56177,
Grenada,GRD,2000,9.8,11613.41539,102837,
Guadeloupe,GLP,2000,,,422048,
Guam,GUM,2000,,,155323,
Guatemala,GTM,2000,4.4,6499.883286,11650744,
Guinea,GIN,2000,0.67,1704.956378,8240735,
Guinea-Bissau,GNB,2000,4.15,1722.757481,1201305,
Guyana,GUY,2000,8.98,7776.308557,746718,
Haiti,HTI,2000,3.97,2684.551926,8463802,
Heavily indebted poor countries (HIPC),,2000,4.240083002,1668.867452,,
High income,,2000,10.56022272,39535.76392,,
Honduras,HND,2000,3.5,4108.774977,6574510,
Hong Kong,HKG,2000,,36317.1207,6606328,
Hungary,HUN,2000,14.27,19406.52134,10220509,
IBRD only,,2000,4.464245948,5998.384795,,
IDA & IBRD total,,2000,4.328660612,5190.058158,,
IDA blend,,2000,5.400008832,3111.306243,,
IDA only,,2000,2.747601956,1794.10102,,
IDA total,,2000,3.681898475,2243.557396,,
Iceland,ISL,2000,7.03,41530.51732,280439,
India,IND,2000,2.28,2578.59153,1056575548,
Indonesia,IDN,2000,0.5,5689.260223,211513822,
Iran,IRN,2000,0.21,10066.80278,65623397,
Iraq,IRQ,2000,0.45,9364.596705,23497589,
Ireland,IRL,2000,15.13,48628.45114,3783095,
Isle of Man,IMN,2000,,,76942,
Israel,ISR,2000,3.08,31416.93851,5945949,
Italy,ITA,2000,10.37,43053.93306,56692178,
Jamaica,JAM,2000,4.91,9344.534643,2654698,
Japan,JPN,2000,8.23,35611.80391,127524168,
Jordan,JOR,2000,0.62,8741.72741,5122495,
Kazakhstan,KAZ,2000,8.18,10275.76187,14922724,
Kenya,KEN,2000,3.83,2867.746708,31964557,
Kiribati,KIR,2000,1.96,2183.675029,84405,
Kosovo,OWID_KOS,2000,,4715.361356,,
Kuwait,KWT,2000,0.038,54984.95235,2045123,
Kyrgyzstan,KGZ,2000,9.45,3078.909252,4920712,
Laos,LAO,2000,4.66,2861.27184,5323701,
Late-demographic dividend,,2000,5.563254588,6486.409323,,
Latin America & Caribbean,,2000,7.301120893,12676.29633,,
Latin America & Caribbean (IDA & IBRD),,2000,7.361728098,12599.77115,,
Latin America & Caribbean (excluding high income),,2000,7.194611192,12038.43559,,
Latvia,LVA,2000,8.76,12863.30935,2384150,
Least developed countries: UN classification,,2000,2.486311181,1592.987844,,
Lebanon,LBN,2000,2.96,14361.68302,3842774,
Lesotho,LSO,2000,7.31,1685.367014,2032805,
Liberia,LBR,2000,6.38,1699.020836,2848447,
Libya,LBY,2000,0.064,16746.27387,5357893,
Liechtenstein,LIE,2000,,,33184,
Lithuania,LTU,2000,13.36,13846.68329,3501842,
Low & middle income,,2000,4.2352743,4973.842308,,
Low income,,2000,3.2751984,,,
Lower middle income,,2000,2.768264284,3545.61416,,
Luxembourg,LUX,2000,14.32,95901.0204,436106,
Macao,MAC,2000,,51027.30499,427772,
Madagascar,MDG,2000,2.11,1614.382282,15766806,
Malawi,MWI,2000,2.42,1107.537894,11148751,
Malaysia,MYS,2000,1.53,15917.05717,23194252,
Maldives,MDV,2000,2.04,13358.58716,279396,
Mali,MLI,2000,1.15,1627.732318,10946448,
Malta,MLT,2000,5.72,27482.86907,393649,
Marshall Islands,MHL,2000,,3336.09316,50754,
Martinique,MTQ,2000,,,387016,
Mauritania,MRT,2000,0.2,4361.213513,2630217,
Mauritius,MUS,2000,5.49,11890.58865,1185147,
Mayotte,MYT,2000,,,150331,
Mexico,MEX,2000,6.43,17756.56647,98899845,
Micronesia (country),FSM,2000,3.86,3434.098093,107405,
Middle East & North Africa,,2000,0.654770315,12313.1173,,
Middle East & North Africa (IDA & IBRD),,2000,0.544953675,8037.861735,,
Middle East & North Africa (excluding high income),,2000,0.544953675,8000.407505,,
Middle income,,2000,4.290969847,5278.979303,,
Moldova,MDA,2000,13.89,5074.377064,4202659,
Monaco,MCO,2000,,,32148,
Mongolia,MNG,2000,3.11,4528.955946,2397417,
Montenegro,MNE,2000,,12418.99354,613558,
Montserrat,MSR,2000,,,4925,
Morocco,MAR,2000,1.01,4370.799491,28793672,
Mozambique,MOZ,2000,2.33,630.7016136,17711925,
Myanmar,MMR,2000,0.38,1093.788207,46719698,
Namibia,NAM,2000,3.26,6804.866743,1794583,
Nauru,NRU,2000,6.04,,10335,
Nepal,NPL,2000,1.12,2077.652056,23941099,
Netherlands,NLD,2000,11.08,47422.2034,15926188,
Netherlands Antilles,ANT,2000,,,280398,
New Caledonia,NCL,2000,,,217263,
New Zealand,NZL,2000,10.42,32837.09789,3858992,
Nicaragua,NIC,2000,5.05,3968.892933,5069310,
Niger,NER,2000,0.23,933.3463759,11331561,
Nigeria,NGA,2000,12.5,2977.041475,122283853,
Niue,NIU,2000,,,1902,
North America,,2000,9.19,48863.38551,486124198,
North Korea,PRK,2000,3.52,,22929078,
North Macedonia,MKD,2000,7.31,10182.12607,2034823,
Northern Mariana Islands,MNP,2000,,,57453,
Norway,NOR,2000,7.95,57127.39975,4499375,
OECD members,,2000,9.957316828,35511.28732,,
Oceania,,2000,,,31425087,
Oman,OMN,2000,6.56,33839.52054,2267973,
Other small states,,2000,5.888556312,13747.86074,,
Pacific island small states,,2000,2.568780045,5941.170132,,
Pakistan,PAK,2000,0.085,3245.378342,142343583,
Palau,PLW,2000,,13586.80504,19104,
Palestine,PSE,2000,,4503.248849,3224009,
Panama,PAN,2000,5.48,14507.79597,3030333,
Papua New Guinea,PNG,2000,1.79,2871.416377,5847590,
Paraguay,PRY,2000,6.38,8530.20799,5323202,
Peru,PER,2000,6.54,6422.480568,26459944,
Philippines,PHL,2000,6.06,4453.756672,77991757,
Poland,POL,2000,9.17,16257.64588,38556699,
Portugal,PRT,2000,14.08,30383.13782,10297117,
Post-demographic dividend,,2000,10.99473958,38507.83492,,
Pre-demographic dividend,,2000,6.21014486,2426.05176,,
Puerto Rico,PRI,2000,,30124.69312,3668955,
Qatar,QAT,2000,1.15,86566.30285,592467,
Reunion,REU,2000,,,736714,
Romania,ROU,2000,17.45,12109.5524,22137423,
Russia,RUS,2000,15.73,14569.93658,146404890,
Rwanda,RWA,2000,13.73,867.6151907,7933688,
Saint Barthlemy,,2000,,,7416,
Saint Helena,SHN,2000,,,6054,
Saint Kitts and Nevis,KNA,2000,9.51,21459.73563,44083,
Saint Lucia,LCA,2000,11.8,12963.85387,156737,
Saint Martin (French part),MAF,2000,,,28935,
Saint Pierre and Miquelon,SPM,2000,,,6298,
Saint Vincent and the Grenadines,VCT,2000,5.01,8646.608816,107787,
Samoa,WSM,2000,3.79,4809.239885,174454,
San Marino,SMR,2000,,74121.58852,27460,
Sao Tome and Principe,STP,2000,8.2,,142264,
Saudi Arabia,SAU,2000,0.18,41955.20779,20663840,
Senegal,SEN,2000,0.96,2595.109288,9797731,
Serbia,SRB,2000,,8900.593928,9487612,
Seychelles,SYC,2000,7.62,18931.15063,80998,
Sierra Leone,SLE,2000,5.8,1063.297198,4584570,
Singapore,SGP,2000,2.49,56106.73202,4028872,
Sint Maarten (Dutch part),SXM,2000,,,32564,
Slovakia,SVK,2000,12.47,15660.64385,5399207,
Slovenia,SVN,2000,12.6,26281.06845,1987710,
Small states,,2000,5.67410278,13014.29749,,
Solomon Islands,SLB,2000,1.2,2253.610862,412665,
Somalia,SOM,2000,0,,8872250,
South Africa,ZAF,2000,10.02,10088.85225,44967713,
South America,,2000,,,348411890,
South Asia,,2000,1.867595303,2607.035311,,
South Asia (IDA & IBRD),,2000,1.867595303,2607.035311,,
South Korea,KOR,2000,12.31,22963.63854,47379237,
South Sudan,SSD,2000,,,6199396,
Spain,ESP,2000,12.43,34757.61502,40824745,
Sri Lanka,LKA,2000,2.22,5949.970029,18777606,
Sub-Saharan Africa,,2000,6.315086507,2665.293404,,
Sub-Saharan Africa (IDA & IBRD),,2000,6.315086507,2665.293404,,
Sub-Saharan Africa (excluding high income),,2000,6.314871687,2663.307993,,
Sudan,SDN,2000,,2109.560575,27275019,
Suriname,SUR,2000,5.29,13068.20615,470944,
Svalbard and Jan Mayen,SJM,2000,,,2420,
Sweden,SWE,2000,8.53,40625.36205,8881642,
Switzerland,CHE,2000,12.49,59389.42406,7143764,
Syria,SYR,2000,1.15,,16410847,
Taiwan,TWN,2000,,,21966528,
Tajikistan,TJK,2000,2.97,1324.90986,6216329,
Tanzania,TZA,2000,8.63,1409.453964,33499177,
Thailand,THA,2000,6.49,9809.62237,62952639,
Timor,TLS,2000,1.53,2328.304667,884366,
Togo,TGO,2000,1.79,1700.441397,4924406,
Tokelau,TKL,2000,,,1550,
Tonga,TON,2000,1.7,5034.415166,97962,
Trinidad and Tobago,TTO,2000,5.27,16939.52547,1267159,
Tunisia,TUN,2000,1.36,7329.345126,9708347,
Turkey,TUR,2000,2.41,15433.58712,63240196,
Turkmenistan,TKM,2000,4.82,4622.078757,4516128,
Turks and Caicos Islands,TCA,2000,,,20171,
Tuvalu,TUV,2000,1.96,3350.879385,9392,
Uganda,UGA,2000,13.61,1252.752131,23650159,
Ukraine,UKR,2000,12.46,7221.465608,48838058,
United Arab Emirates,ARE,2000,2.58,102494.7146,3134067,
United Kingdom,GBR,2000,13.73,38280.80027,58923305,
United States,USA,2000,9.19,50124.89118,281710914,
United States Virgin Islands,VIR,2000,,,108730,
Upper middle income,,2000,5.781994494,7215.470689,,
Uruguay,URY,2000,8.09,14482.75455,3319734,
Uzbekistan,UZB,2000,5.68,2786.430374,24769955,
Vanuatu,VUT,2000,1.17,3068.095866,184964,
Vatican,VAT,2000,,,790,
Venezuela,VEN,2000,9.15,,24192449,
Vietnam,VNM,2000,2.21,2954.982905,79910411,
Wallis and Futuna,WLF,2000,,,14697,
Western Sahara,ESH,2000,,,314116,
World,OWID_WRL,2000,5.488338776,11079.90924,6143776621,
Yemen,YEM,2000,0.79,,17409071,
Zambia,ZMB,2000,4.05,1990.858991,10415942,
Zimbabwe,ZWE,2000,2.46,3756.139483,11881482,
Afghanistan,AFG,2005,,1286.793659,25654274,
Africa,,2005,,,916154285,
Africa Eastern and Southern,,2005,4.85658758,2901.690263,,
Africa Western and Central,,2005,7.813972144,3254.022839,,
Albania,ALB,2005,7.65,8040.878717,3086810,
Algeria,DZA,2005,0.81,10504.85847,33149720,
American Samoa,ASM,2005,,,59557,
Andorra,AND,2005,12.55,,78871,
Angola,AGO,2005,4.89,6210.222188,19433604,
Anguilla,AIA,2005,,,12442,
Antigua and Barbuda,ATG,2005,5.37,19683.54108,81462,
Arab World,,2005,0.648096046,12083.42953,,
Argentina,ARG,2005,8.66,19426.44014,38892924,
Armenia,ARM,2005,5.79,7419.87119,2981262,
Aruba,ABW,2005,,39407.19097,100028,
Asia,,2005,,,3976958795,
Australia,AUS,2005,12.08,42217.13635,20178543,
Austria,AUT,2005,12.79,49316.2647,8253656,
Azerbaijan,AZE,2005,1.81,7222.036075,8538610,
Bahamas,BHS,2005,4.28,40353.97519,324848,
Bahrain,BHR,2005,1.76,47493.1484,889157,
Bangladesh,BGD,2005,0.16,2279.531274,139035505,
Barbados,BRB,2005,7.4,15752.36013,276320,
Belarus,BLR,2005,15.3,11940.1866,9562083,
Belgium,BEL,2005,13.13,46341.28964,10546885,
Belize,BLZ,2005,7.16,7363.870636,283798,
Benin,BEN,2005,2.23,2581.642252,7982223,
Bermuda,BMU,2005,,91114.07699,66260,
Bhutan,BTN,2005,1.6,5456.70775,648744,
Bolivia,BOL,2005,4.37,5749.531649,9232301,
Bonaire Sint Eustatius and Saba,BES,2005,,,14399,
Bosnia and Herzegovina,BIH,2005,7.2,9350.944042,3765332,
Botswana,BWA,2005,9.61,12484.23043,1799077,
Brazil,BRA,2005,8.32,12565.94139,186127108,
British Virgin Islands,VGB,2005,,,23106,
Brunei,BRN,2005,0.21,69787.8222,365112,
Bulgaria,BGR,2005,11.42,14356.01968,7686964,
Burkina Faso,BFA,2005,9.19,1527.022159,13421935,
Burundi,BDI,2005,8.44,798.704827,7364857,
Cambodia,KHM,2005,2.69,2120.551717,13273355,
Cameroon,CMR,2005,7.62,2982.025081,17733408,
Canada,CAN,2005,,42046.86958,32164313,
Cape Verde,CPV,2005,6.95,4964.79746,463034,
Caribbean Small States,,2005,5.754349896,14913.2045,,
Cayman Islands,CYM,2005,,,49261,
Central African Republic,CAF,2005,3.62,1026.913908,4038380,
Central Europe and the Baltics,,2005,12.8572741,20447.07908,,
Chad,TCD,2005,4.62,1618.136616,10096630,
Channel Islands,OWID_CIS,2005,,,151674,
Chile,CHL,2005,8.93,18634.62644,16182713,
China,CHN,2005,4.02,5334.646639,1330776380,
Colombia,COL,2005,5.41,10049.12618,42647731,
Comoros,COM,2005,0.44,2815.702121,611625,
Congo,COG,2005,3.75,4638.193948,3622775,
Cook Islands,COK,2005,,,19070,
Costa Rica,CRI,2005,5.42,14149.51924,4285504,
Cote d'Ivoire,CIV,2005,3.3,3670.180922,18354513,
Croatia,HRV,2005,10.31,23538.75443,4378066,
Cuba,CUB,2005,5.36,,11261586,
Curacao,CUW,2005,,29102.86384,130136,
Cyprus,CYP,2005,12.43,37803.57553,1027656,
Czechia,CZE,2005,14.76,30384.44665,10258165,
Democratic Republic of Congo,COD,2005,0.86,778.9680436,54785894,
Denmark,DNK,2005,12.29,51483.27379,5421701,
Djibouti,DJI,2005,1.28,,783248,
Dominica,DMA,2005,8.72,10160.99441,70580,
Dominican Republic,DOM,2005,6.15,10291.30322,9097262,
Early-demographic dividend,,2005,2.520305387,6185.957036,,
East Asia & Pacific,,2005,4.185950303,9071.041777,,
East Asia & Pacific (IDA & IBRD),,2005,3.627568952,5716.92935,,
East Asia & Pacific (excluding high income),,2005,3.628218329,5655.394659,,
Ecuador,ECU,2005,5.81,9503.69469,13825839,
Egypt,EGY,2005,0.29,8397.032444,75523576,
El Salvador,SLV,2005,3.8,6870.629839,6052124,
Equatorial Guinea,GNQ,2005,8.91,32390.20744,749527,
Eritrea,ERI,2005,2.08,,2826653,
Estonia,EST,2005,15.65,26093.15911,1355650,
Eswatini,SWZ,2005,6.71,6551.010153,1030575,
Ethiopia,ETH,2005,2.05,862.3553419,76346310,
Euro area,,2005,12.26848103,41785.78421,,
Europe,,2005,,,730317947,
Europe & Central Asia,,2005,12.06874892,28841.19423,,
Europe & Central Asia (IDA & IBRD),,2005,11.62128322,15567.04837,,
Europe & Central Asia (excluding high income),,2005,11.74377531,15151.1991,,
European Union,,2005,12.30279871,37422.08817,,
Faeroe Islands,FRO,2005,,,47731,
Falkland Islands,FLK,2005,,,2950,
Fiji,FJI,2005,2.78,10656.16323,821606,
Finland,FIN,2005,13.11,44786.90966,5258933,
Fragile and conflict affected situations,,2005,4.955418452,,,
France,FRA,2005,13.09,41643.98889,61120128,
French Guiana,GUF,2005,,,202973,
French Polynesia,PYF,2005,,,258779,
Gabon,GAB,2005,9.36,15761.14848,1390550,
Gambia,GMB,2005,4.27,2216.186062,1543745,
Georgia,GEO,2005,6.39,7315.19848,4210158,
Germany,DEU,2005,13.28,43884.53528,81602739,
Ghana,GHA,2005,3.77,3090.187438,21814648,
Gibraltar,GIB,2005,,,33222,
Greece,GRC,2005,10.73,34732.64407,11224800,
Greenland,GRL,2005,,,56949,
Grenada,GRD,2005,8.76,14246.99272,104658,
Guadeloupe,GLP,2005,,,402903,
Guam,GUM,2005,,,158406,
Guatemala,GTM,2005,4.29,6753.682536,13096028,
Guinea,GIN,2005,0.77,1794.383162,9109585,
Guinea-Bissau,GNB,2005,5.31,1677.708689,1344931,
Guyana,GUY,2005,7.98,7965.378044,746156,
Haiti,HTI,2005,3.86,2629.111261,9195289,
Heavily indebted poor countries (HIPC),,2005,4.033974174,1813.834043,,
High income,,2005,10.38993765,43051.80206,,
Honduras,HND,2005,3.88,4546.240635,7458982,
Hong Kong,HKG,2005,,43690.39051,6769579,
Hungary,HUN,2005,14.56,24355.78192,10085942,
IBRD only,,2005,4.534005081,7477.353539,,
IDA & IBRD total,,2005,4.368492801,6376.316088,,
IDA blend,,2005,5.244982365,3671.818431,,
IDA only,,2005,2.718707919,2060.597092,,
IDA total,,2005,3.610977816,2610.611385,,
Iceland,ISL,2005,7.74,48104.65181,294976,
India,IND,2005,2.33,3245.299885,1147609924,
Indonesia,IDN,2005,0.48,6699.272091,226289468,
Iran,IRN,2005,0.58,11998.21486,69762345,
Iraq,IRQ,2005,0.44,7542.222334,26922279,
Ireland,IRL,2005,14.2,57691.56165,4141218,
Isle of Man,IMN,2005,,,80293,
Israel,ISR,2005,2.7,31239.00686,6529470,
Italy,ITA,2005,9.41,44260.82742,58281209,
Jamaica,JAM,2005,4.43,9918.047656,2740000,
Japan,JPN,2005,7.99,37489.85337,128326115,
Jordan,JOR,2005,0.66,10577.29139,5765639,
Kazakhstan,KAZ,2005,9.33,16536.01541,15402803,
Kenya,KEN,2005,3.01,2992.340779,36624897,
Kiribati,KIR,2005,2.16,2150.095083,92319,
Kosovo,OWID_KOS,2005,,6832.280489,,
Kuwait,KWT,2005,0.019,73155.71221,2270196,
Kyrgyzstan,KGZ,2005,11.19,3517.720509,5075340,
Laos,LAO,2005,4.37,3584.320291,5751675,
Late-demographic dividend,,2005,5.761431621,8625.257018,,
Latin America & Caribbean,,2005,7.197229026,13470.55677,,
Latin America & Caribbean (IDA & IBRD),,2005,7.243280962,13368.97837,,
Latin America & Caribbean (excluding high income),,2005,7.026421519,12728.91646,,
Latvia,LVA,2005,11.96,20175.8162,2251996,
Least developed countries: UN classification,,2005,2.658113881,1888.873214,,
Lebanon,LBN,2005,2.31,14263.71494,4698761,
Lesotho,LSO,2005,5.37,1969.63972,1996115,
Liberia,LBR,2005,6.05,1212.07045,3218114,
Libya,LBY,2005,0.083,19883.48291,5798615,
Liechtenstein,LIE,2005,,,34718,
Lithuania,LTU,2005,16.1,21053.1846,3344259,
Low & middle income,,2005,4.265939237,6131.937961,,
Low income,,2005,3.209378945,,,
Lower middle income,,2005,2.777312365,4282.774266,,
Luxembourg,LUX,2005,13.58,104025.4159,457848,
Macao,MAC,2005,,77395.49857,482863,
Madagascar,MDG,2005,1.53,1559.874721,18336722,
Malawi,MWI,2005,2.87,1087.606464,12625950,
Malaysia,MYS,2005,1.28,18114.14411,25690615,
Maldives,MDV,2005,1.52,12607.72396,319604,
Mali,MLI,2005,1.05,1958.818731,12775509,
Malta,MLT,2005,6.65,28992.92455,404659,
Marshall Islands,MHL,2005,,3452.085486,55257,
Martinique,MTQ,2005,,,397191,
Mauritania,MRT,2005,0.13,4638.00598,3024198,
Mauritius,MUS,2005,5,13571.8356,1222010,
Mayotte,MYT,2005,,,178103,
Mexico,MEX,2005,6.48,17788.58912,106005199,
Micronesia (country),FSM,2005,2.78,3586.133831,106135,
Middle East & North Africa,,2005,0.703910609,13688.8486,,
Middle East & North Africa (IDA & IBRD),,2005,0.623679006,8938.200447,,
Middle East & North Africa (excluding high income),,2005,0.623679006,8893.355514,,
Middle income,,2005,4.329991375,6550.896251,,
Moldova,MDA,2005,19.95,7231.328422,4159296,
Monaco,MCO,2005,,,33842,
Mongolia,MNG,2005,5.28,5883.360057,2526429,
Montenegro,MNE,2005,,14048.84044,616388,
Montserrat,MSR,2005,,,4842,
Morocco,MAR,2005,0.96,5227.562631,30455563,
Mozambique,MOZ,2005,1.3,821.3458142,20493927,
Myanmar,MMR,2005,1.65,1911.95597,48949931,
Namibia,NAM,2005,2.7,8014.973858,1938316,
Nauru,NRU,2005,3.4,5608.349266,9848,
Nepal,NPL,2005,1.95,2282.685054,25744500,
Netherlands,NLD,2005,10.71,49467.43543,16367153,
Netherlands Antilles,ANT,2005,,,295966,
New Caledonia,NCL,2005,,,236441,
New Zealand,NZL,2005,10.92,37293.21377,4135353,
Nicaragua,NIC,2005,5.3,4320.750321,5438692,
Niger,NER,2005,0.25,961.5398882,13624474,
Nigeria,NGA,2005,12.51,3997.439751,138865014,
Niue,NIU,2005,,,1688,
North America,,2005,9.49,53149.86483,513270901,
North Korea,PRK,2005,3.68,,23904167,
North Macedonia,MKD,2005,7.03,11086.15675,2060280,
Northern Mariana Islands,MNP,2005,,,56547,
Norway,NOR,2005,8.87,61870.38379,4632359,
OECD members,,2005,9.803268985,38336.9051,,
Oceania,,2005,,,33690212,
Oman,OMN,2005,1.56,31909.50274,2511254,
Other small states,,2005,6.101425064,16499.15577,,
Pacific island small states,,2005,2.436183842,6317.37842,,
Pakistan,PAK,2005,0.16,3706.824023,160304007,
Palau,PLW,2005,,15253.03531,19784,
Palestine,PSE,2005,,4866.028474,3577956,
Panama,PAN,2005,5.49,16301.51593,3330222,
Papua New Guinea,PNG,2005,1.6,2877.115646,6494902,
Paraguay,PRY,2005,6.66,8570.094465,5824095,
Peru,PER,2005,6.99,7519.029069,27866140,
Philippines,PHL,2005,5.67,5054.238933,86326251,
Poland,POL,2005,10.6,18937.47515,38368957,
Portugal,PRT,2005,13.37,31076.64412,10508494,
Post-demographic dividend,,2005,10.77708957,42093.45036,,
Pre-demographic dividend,,2005,6.030477416,2735.676573,,
Puerto Rico,PRI,2005,,34370.71461,3631885,
Qatar,QAT,2005,1.67,87721.94941,865410,
Reunion,REU,2005,,,791598,
Romania,ROU,2005,15.84,16770.6545,21417287,
Russia,RUS,2005,17.36,20042.8135,143672125,
Rwanda,RWA,2005,13,1148.446372,8840220,
Saint Barthlemy,,2005,,,8555,
Saint Helena,SHN,2005,,,5354,
Saint Kitts and Nevis,KNA,2005,11.53,23617.31059,46852,
Saint Lucia,LCA,2005,11.62,13433.74815,163408,
Saint Martin (French part),MAF,2005,,,34252,
Saint Pierre and Miquelon,SPM,2005,,,6113,
Saint Vincent and the Grenadines,VCT,2005,5.99,10666.73856,108617,
Samoa,WSM,2005,4.2,5932.875631,179722,
San Marino,SMR,2005,,81766.00414,29324,
Sao Tome and Principe,STP,2005,8.72,2887.700597,157472,
Saudi Arabia,SAU,2005,0.17,44309.5346,23816175,
Senegal,SEN,2005,0.85,2758.353446,11090123,
Serbia,SRB,2005,,12277.97654,9193818,
Seychelles,SYC,2005,6.13,18273.71966,88652,
Sierra Leone,SLE,2005,5.57,1244.901414,5645629,
Singapore,SGP,2005,1.78,67125.56464,4265693,
Sint Maarten (Dutch part),SXM,2005,,,33436,
Slovakia,SVK,2005,12.06,20072.35,5398962,
Slovenia,SVN,2005,12.3,31133.71519,1994979,
Small states,,2005,5.796114336,15499.76383,,
Solomon Islands,SLB,2005,1.6,2122.963527,469918,
Somalia,SOM,2005,0.068,,10446856,
South Africa,ZAF,2005,9.58,11434.91524,47880595,
South America,,2005,,,371804635,
South Asia,,2005,1.916463078,3206.721212,,
South Asia (IDA & IBRD),,2005,1.916463078,3206.721212,,
South Korea,KOR,2005,10.58,28640.70624,48701069,
South Sudan,SSD,2005,,,7535931,
Spain,ESP,2005,12.83,37963.36584,44019118,
Sri Lanka,LKA,2005,2.59,6944.226768,19544988,
Sub-Saharan Africa,,2005,6.105786819,3047.026322,,
Sub-Saharan Africa (IDA & IBRD),,2005,6.105786819,3047.026322,,
Sub-Saharan Africa (excluding high income),,2005,6.105783085,3045.369678,,
Sudan,SDN,2005,,2501.960461,30949514,
Suriname,SUR,2005,5.41,15908.30078,499461,
Svalbard and Jan Mayen,SJM,2005,,,2410,
Sweden,SWE,2005,8.64,45440.29675,9038627,
Switzerland,CHE,2005,11.64,61613.39105,7386818,
Syria,SYR,2005,0.92,,18361178,
Taiwan,TWN,2005,,,22705719,
Tajikistan,TJK,2005,2.51,1924.116904,6789318,
Tanzania,TZA,2005,8.71,1719.727757,38450323,
Thailand,THA,2005,6.81,12304.40208,65416189,
Timor,TLS,2005,0.83,2272.445056,995130,
Togo,TGO,2005,3.26,1573.683752,5611643,
Tokelau,TKL,2005,,,1213,
Tonga,TON,2005,2.32,5312.374152,100908,
Trinidad and Tobago,TTO,2005,6.17,24424.85791,1296497,
Tunisia,TUN,2005,1.46,8523.088777,10106778,
Turkey,TUR,2005,2.12,18251.6691,67903461,
Turkmenistan,TKM,2005,4.88,5629.069839,4754652,
Turks and Caicos Islands,TCA,2005,,,28181,
Tuvalu,TUV,2005,2.03,3167.250024,9997,
Uganda,UGA,2005,12.92,1480.052156,27684590,
Ukraine,UKR,2005,12.01,10957.55828,46890775,
United Arab Emirates,ARE,2005,3.64,90894.89881,4588222,
United Kingdom,GBR,2005,13.89,42629.94822,60287953,
United States,USA,2005,9.49,54353.06858,294993509,
United States Virgin Islands,VIR,2005,,,107801,
Upper middle income,,2005,5.89450622,9204.957501,,
Uruguay,URY,2005,7.46,14606.46611,3321799,
Uzbekistan,UZB,2005,4.15,3405.216308,26427785,
Vanuatu,VUT,2005,1.2,2835.927046,209282,
Vatican,VAT,2005,,,798,
Venezuela,VEN,2005,9.42,,26432445,
Vietnam,VNM,2005,2.63,3931.765368,83832662,
Wallis and Futuna,WLF,2005,,,14937,
Western Sahara,ESH,2005,,,437516,
World,OWID_WRL,2005,5.428839285,12461.04113,6542205330,
Yemen,YEM,2005,0.34,,20107416,
Zambia,ZMB,2005,3.9,2362.902226,11856244,
Zimbabwe,ZWE,2005,2.77,2517.672707,12076697,
Afghanistan,AFG,2010,0.21,1957.02907,29185511,
Africa,,2010,,,1039304030,
Africa Eastern and Southern,,2010,5.417114845,3273.44737,,
Africa Western and Central,,2010,7.494864053,3773.011461,,
Albania,ALB,2010,7.69,10749.48745,2948029,
Algeria,DZA,2010,0.65,10970.70637,35977451,
American Samoa,ASM,2010,,,56084,
Andorra,AND,2010,11.11,,84454,
Angola,AGO,2010,8.16,7692.434286,23356247,
Anguilla,AIA,2010,,,13436,
Antigua and Barbuda,ATG,2010,5.6,18205.73853,88030,
Arab World,,2010,0.64622786,13275.32041,,
Argentina,ARG,2010,9.09,23521.27018,40895751,
Armenia,ARM,2010,5.69,9286.197327,2877314,
Aruba,ABW,2010,,34343.15132,101665,
Asia,,2010,,,4208481106,
Australia,AUS,2010,12.39,44991.78371,22154687,
Austria,AUT,2010,12.2,51769.14556,8409945,
Azerbaijan,AZE,2010,2.97,14312.75612,9032465,
Bahamas,BHS,2010,4.12,36504.40705,354936,
Bahrain,BHR,2010,1.69,44599.80497,1240864,
Bangladesh,BGD,2010,0.16,2883.466794,147575433,
Barbados,BRB,2010,7.95,15596.61681,282131,
Belarus,BLR,2010,17.43,17288.40435,9420576,
Belgium,BEL,2010,11.4,47971.63031,10938735,
Belize,BLZ,2010,7.08,7294.684143,322465,
Benin,BEN,2010,2.47,2704.705484,9199254,
Bermuda,BMU,2010,,88399.91595,65388,
Bhutan,BTN,2010,0.92,8190.576223,685502,
Bolivia,BOL,2010,5.56,6612.803357,10048597,
Bonaire Sint Eustatius and Saba,BES,2010,,,20941,
Bosnia and Herzegovina,BIH,2010,7.32,10938.28505,3705478,
Botswana,BWA,2010,8.62,14126.38227,1987106,
Brazil,BRA,2010,8.49,14873.20832,195713637,
British Virgin Islands,VGB,2010,,,27796,
Brunei,BRN,2010,0.51,67753.42177,388634,
Bulgaria,BGR,2010,11.32,17440.67188,7425011,
Burkina Faso,BFA,2010,8.58,1716.358323,15605211,
Burundi,BDI,2010,7.66,846.1691368,8675606,
Cambodia,KHM,2010,4.91,2716.699738,14312205,
Cameroon,CMR,2010,8.43,3086.221474,20341236,
Canada,CAN,2010,10.1,44861.52396,34147566,
Cape Verde,CPV,2010,7.51,6200.343537,492644,
Caribbean Small States,,2010,5.660811971,15864.33609,,
Cayman Islands,CYM,2010,,66882.50759,56672,
Central African Republic,CAF,2010,3.98,1201.352197,4386765,
Central Europe and the Baltics,,2010,12.26601222,24043.44383,,
Chad,TCD,2010,6.58,1732.691584,11952134,
Channel Islands,OWID_CIS,2010,,,159718,
Chile,CHL,2010,9.31,21262.46699,17062531,
China,CHN,2010,7.07,8884.588031,1368810604,
Colombia,COL,2010,5.04,11783.29991,45222699,
Comoros,COM,2010,0.25,2878.26971,689696,
Congo,COG,2010,6.17,5172.760902,4273738,
Cook Islands,COK,2010,,,18392,
Costa Rica,CRI,2010,4.8,16830.43618,4577371,
Cote d'Ivoire,CIV,2010,2.53,3660.903847,20532944,
Croatia,HRV,2010,10.08,24280.60269,4328163,
Cuba,CUB,2010,5.02,,11225833,
Curacao,CUW,2010,,28543.36071,149188,
Cyprus,CYP,2010,11.35,38379.0904,1112617,
Czechia,CZE,2010,14.06,33483.13759,10536514,
Democratic Republic of Congo,COD,2010,1.75,865.6840402,64563853,
Denmark,DNK,2010,11,50825.41229,5554849,
Djibouti,DJI,2010,0.67,,840194,
Dominica,DMA,2010,9.65,12003.76608,70877,
Dominican Republic,DOM,2010,6.11,12782.45717,9695117,
Early-demographic dividend,,2010,3.453335078,7238.00693,,
East Asia & Pacific,,2010,6.262726494,11892.69207,,
East Asia & Pacific (IDA & IBRD),,2010,6.053491616,8617.36283,,
East Asia & Pacific (excluding high income),,2010,6.025462964,8525.818132,,
Ecuador,ECU,2010,6.16,10340.9703,15011114,
Egypt,EGY,2010,0.36,10340.07323,82761244,
El Salvador,SLV,2010,3.31,7328.71991,6183877,
Equatorial Guinea,GNQ,2010,9.2,34732.21915,943640,
Eritrea,ERI,2010,1.38,,3170437,
Estonia,EST,2010,12.39,26133.38181,1332103,
Eswatini,SWZ,2010,6.82,7459.227976,1064841,
Ethiopia,ETH,2010,2.5,1259.022581,87639962,
Euro area,,2010,10.9915886,42620.98865,,
Europe,,2010,,,737528015,
Europe & Central Asia,,2010,11.03833059,30736.28696,,
Europe & Central Asia (IDA & IBRD),,2010,10.8740463,18476.07388,,
Europe & Central Asia (excluding high income),,2010,10.84908847,17885.91587,,
European Union,,2010,11.21063562,38976.73907,,
Faeroe Islands,FRO,2010,,,47803,
Falkland Islands,FLK,2010,,,2902,
Fiji,FJI,2010,3,10547.9304,859816,
Finland,FIN,2010,12.59,45874.6613,5365784,
Fragile and conflict affected situations,,2010,4.866813971,,,
France,FRA,2010,12.4,42147.67168,62879535,
French Guiana,GUF,2010,,,232996,
French Polynesia,PYF,2010,,,266449,
Gabon,GAB,2010,9.89,14415.44591,1624146,
Gambia,GMB,2010,3.81,2346.720479,1793199,
Georgia,GEO,2010,9.67,9736.732094,4099095,
Germany,DEU,2010,12.64,46929.99341,80827001,
Ghana,GHA,2010,4.26,3729.475903,24779614,
Gibraltar,GIB,2010,,,33585,
Greece,GRC,2010,9.67,33753.61775,10887640,
Greenland,GRL,2010,,,56638,
Grenada,GRD,2010,8.31,13412.79337,106227,
Guadeloupe,GLP,2010,,,406073,
Guam,GUM,2010,,,159439,
Guatemala,GTM,2010,3.51,7335.988974,14630420,
Guinea,GIN,2010,0.7,1870.800051,10192168,
Guinea-Bissau,GNB,2010,4.47,1747.237485,1522603,
Guyana,GUY,2010,6.78,9789.0167,749430,
Haiti,HTI,2010,2.99,2735.283617,9949318,
Heavily indebted poor countries (HIPC),,2010,4.175624332,2096.783542,,
High income,,2010,9.635647503,44257.53304,,
Honduras,HND,2010,3.59,4866.973931,8317467,
Hong Kong,HKG,2010,,51360.96698,6966324,
Hungary,HUN,2010,12.09,24427.62873,9927380,
IBRD only,,2010,6.050196574,9633.832339,,
IDA & IBRD total,,2010,5.594748065,8075.672067,,
IDA blend,,2010,4.980483236,4205.456968,,
IDA only,,2010,2.966328093,2500.268394,,
IDA total,,2010,3.667153014,3079.456403,,
Iceland,ISL,2010,7.5,47457.62292,320342,
India,IND,2010,4.35,4234.979573,1234281163,
Indonesia,IDN,2010,0.59,8286.73287,241834226,
Iran,IRN,2010,1.01,13805.70382,73762519,
Iraq,IRQ,2010,0.49,8748.508776,29741977,
Ireland,IRL,2010,12.07,53725.0336,4554330,
Isle of Man,IMN,2010,,,84856,
Israel,ISR,2010,3.12,34800.24747,7346446,
Italy,ITA,2010,7.34,42664.35527,59325232,
Jamaica,JAM,2010,4.38,9435.760842,2810464,
Japan,JPN,2010,7.2,37586.16715,128542349,
Jordan,JOR,2010,0.64,11315.5027,7261541,
Kazakhstan,KAZ,2010,4.97,20751.25724,16252273,
Kenya,KEN,2010,3.29,3329.853752,42030684,
Kiribati,KIR,2010,1.65,1923.107776,102930,
Kosovo,OWID_KOS,2010,,8372.091001,,
Kuwait,KWT,2010,0.032,58810.40487,2991884,
Kyrgyzstan,KGZ,2010,10.08,4141.077206,5422298,
Laos,LAO,2010,7.1,4850.175067,6249168,
Late-demographic dividend,,2010,7.605143665,11798.14321,,
Latin America & Caribbean,,2010,6.999579616,15190.82981,,
Latin America & Caribbean (IDA & IBRD),,2010,7.045074772,15125.08364,,
Latin America & Caribbean (excluding high income),,2010,6.836732711,14408.57146,,
Latvia,LVA,2010,11.63,21023.90133,2118855,
Least developed countries: UN classification,,2010,3.052661746,2346.904148,,
Lebanon,LBN,2010,1.94,19499.1728,4953064,
Lesotho,LSO,2010,6.5,2346.713297,1995575,
Liberia,LBR,2010,5.37,1420.046246,3891357,
Libya,LBY,2010,0.098,22539.89276,6197667,
Liechtenstein,LIE,2010,,,35996,
Lithuania,LTU,2010,15.25,23942.76036,3123825,
Low & middle income,,2010,5.507627831,7789.775542,,
Low income,,2010,3.243442837,,,
Lower middle income,,2010,3.889999209,5225.266727,,
Luxembourg,LUX,2010,12.98,107703.4539,507890,
Macao,MAC,2010,,118085.4875,538215,
Madagascar,MDG,2010,1.87,1553.404722,21151640,
Malawi,MWI,2010,3.21,1350.59917,14539609,
Malaysia,MYS,2010,1.32,20536.37251,28208028,
Maldives,MDV,2010,1.65,16305.79888,365730,
Mali,MLI,2010,1.09,2082.961935,15049352,
Malta,MLT,2010,6.58,32867.94003,414257,
Marshall Islands,MHL,2010,,3595.174776,56361,
Martinique,MTQ,2010,,,394666,
Mauritania,MRT,2010,0.086,4767.377366,3494200,
Mauritius,MUS,2010,3.81,16797.81724,1247953,
Mayotte,MYT,2010,,,208716,
Mexico,MEX,2010,5.21,17790.01192,114092961,
Micronesia (country),FSM,2010,2.85,3659.638766,102916,
Middle East & North Africa,,2010,0.795690497,15137.59788,,
Middle East & North Africa (IDA & IBRD),,2010,0.703944205,10300.12058,,
Middle East & North Africa (excluding high income),,2010,0.703944205,10243.98132,,
Middle income,,2010,5.664002147,8375.33224,,
Moldova,MDA,2010,15.54,8550.170639,4086090,
Monaco,MCO,2010,,,35609,
Mongolia,MNG,2010,9.65,7479.780902,2719902,
Montenegro,MNE,2010,15.07,16764.36237,624279,
Montserrat,MSR,2010,,,4895,
Morocco,MAR,2010,0.9,6281.464191,32343384,
Mozambique,MOZ,2010,1.63,1027.208877,23531567,
Myanmar,MMR,2010,2.9,3129.920255,50600827,
Namibia,NAM,2010,1.99,9031.160594,2118877,
Nauru,NRU,2010,5.73,6688.649739,10009,
Nepal,NPL,2010,1.94,2703.414917,27013207,
Netherlands,NLD,2010,10.21,52032.9865,16682927,
Netherlands Antilles,ANT,2010,,,311534,
New Caledonia,NCL,2010,,,253529,
New Zealand,NZL,2010,11.32,37657.1432,4370060,
Nicaragua,NIC,2010,4.79,4611.785692,5824058,
Niger,NER,2010,0.31,1036.904305,16464025,
Nigeria,NGA,2010,11.72,4932.3348,158503203,
Niue,NIU,2010,,,1622,
North America,,2010,9.43635355,53386.15596,542398372,
North Korea,PRK,2010,3.78,,24548840,
North Macedonia,MKD,2010,5.93,13412.31283,2070737,
Northern Mariana Islands,MNP,2010,,,53971,
Norway,NOR,2010,8.94,61353.49639,4885878,
OECD members,,2010,9.088672416,39244.19627,,
Oceania,,2010,,,36873069,
Oman,OMN,2010,0.73,33864.98374,3041435,
Other small states,,2010,5.586571973,20568.18403,,
Pacific island small states,,2010,2.395673977,6272.306612,,
Pakistan,PAK,2010,0.19,3906.873971,179424643,
Palau,PLW,2010,,15062.49579,17954,
Palestine,PSE,2010,,5411.066482,4055632,
Panama,PAN,2010,6.84,21343.30499,3642691,
Papua New Guinea,PNG,2010,1.67,3406.64404,7310512,
Paraguay,PRY,2010,7.58,10415.65644,6248017,
Peru,PER,2010,7.69,10066.46757,29027680,
Philippines,PHL,2010,6.98,5918.373229,93966784,
Poland,POL,2010,11.21,23996.13978,38329784,
Portugal,PRT,2010,12.51,31798.15381,10596055,
Post-demographic dividend,,2010,10.14117424,43252.27072,,
Pre-demographic dividend,,2010,5.966973126,3210.19223,,
Puerto Rico,PRI,2010,,32960.69111,3579842,
Qatar,QAT,2010,1.69,95908.31282,1856329,
Reunion,REU,2010,,,830507,
Romania,ROU,2010,13.97,20303.1628,20471860,
Russia,RUS,2010,15.87,23961.22029,143479273,
Rwanda,RWA,2010,10.27,1507.16501,10039338,
Saint Barthlemy,,2010,,,9234,
Saint Helena,SHN,2010,,,5183,
Saint Kitts and Nevis,KNA,2010,9.45,23710.3475,49011,
Saint Lucia,LCA,2010,9.69,14109.41343,174092,
Saint Martin (French part),MAF,2010,,,37582,
Saint Pierre and Miquelon,SPM,2010,,,6361,
Saint Vincent and the Grenadines,VCT,2010,7.03,11447.46662,108260,
Samoa,WSM,2010,2.97,6006.383728,185944,
San Marino,SMR,2010,,72038.11362,31221,
Sao Tome and Principe,STP,2010,8.34,3357.470193,180372,
Saudi Arabia,SAU,2010,0.17,44036.76735,27421468,
Senegal,SEN,2010,0.6,2797.11016,12678143,
Serbia,SRB,2010,11.69,14510.9633,8991258,
Seychelles,SYC,2010,10.19,20892.69175,91273,
Sierra Leone,SLE,2010,5.83,1413.563736,6415636,
Singapore,SGP,2010,2.19,78294.03142,5131170,
Sint Maarten (Dutch part),SXM,2010,,43543.88976,34166,
Slovakia,SVK,2010,12,25417.81236,5404293,
Slovenia,SVN,2010,11.54,33355.84763,2043336,
Small states,,2010,5.420583867,18739.55925,,
Solomon Islands,SLB,2010,1.6,2439.862325,527861,
Somalia,SOM,2010,0.28,,12043886,
South Africa,ZAF,2010,10.04,12452.33753,51216967,
South America,,2010,,,392543695,
South Asia,,2010,3.453921327,4076.367958,,
South Asia (IDA & IBRD),,2010,3.453921327,4076.367958,,
South Korea,KOR,2010,9.97,34394.49049,49545638,
South Sudan,SSD,2010,,,9508372,
Spain,ESP,2010,10.03,37319.47622,46931011,
Sri Lanka,LKA,2010,3.92,9126.865612,20261738,
Sub-Saharan Africa,,2010,6.293373522,3479.470191,,
Sub-Saharan Africa (IDA & IBRD),,2010,6.293373522,3479.470191,,
Sub-Saharan Africa (excluding high income),,2010,6.29279117,3477.679494,,
Sudan,SDN,2010,,3089.572476,34545014,
Suriname,SUR,2010,6.22,18840.36897,529126,
Svalbard and Jan Mayen,SJM,2010,,,2400,
Sweden,SWE,2010,9.49,47791.37152,9390157,
Switzerland,CHE,2010,11.41,65819.73725,7808674,
Syria,SYR,2010,0.88,,21362541,
Taiwan,TWN,2010,,,23187556,
Tajikistan,TJK,2010,2.4,2390.022174,7527397,
Tanzania,TZA,2010,9.74,2006.971326,44346532,
Thailand,THA,2010,7.71,14399.04451,67195032,
Timor,TLS,2010,0.7,2930.054491,1093517,
Togo,TGO,2010,2.11,1625.545446,6421674,
Tokelau,TKL,2010,,,1129,
Tonga,TON,2010,1.39,5166.932054,103981,
Trinidad and Tobago,TTO,2010,6.21,28879.28737,1328144,
Tunisia,TUN,2010,1.4,10113.37035,10635245,
Turkey,TUR,2010,2.32,20027.66683,72326992,
Turkmenistan,TKM,2010,4.82,8616.889533,5087211,
Turks and Caicos Islands,TCA,2010,,,32658,
Tuvalu,TUV,2010,1.68,3281.502177,10521,
Uganda,UGA,2010,13.5,1861.282458,32428164,
Ukraine,UKR,2010,13.57,11778.3137,45792086,
United Arab Emirates,ARE,2010,3.15,54921.77558,8549998,
United Kingdom,GBR,2010,12.06,42089.01364,63459801,
United States,USA,2010,9.36,54315.91248,309011469,
United States Virgin Islands,VIR,2010,,,106086,
Upper middle income,,2010,7.532983407,12232.7519,,
Uruguay,URY,2010,7.1,19293.7408,3359273,
Uzbekistan,UZB,2010,3.01,4651.522962,28515908,
Vanuatu,VUT,2010,1.7,3088.978879,236216,
Vatican,VAT,2010,,,783,
Venezuela,VEN,2010,8.67,,28439942,
Vietnam,VNM,2010,4.9,5089.411016,87967655,
Wallis and Futuna,WLF,2010,,,12686,
Western Sahara,ESH,2010,,,480268,
World,OWID_WRL,2010,6.283777196,13890.5139,6957137521,
Yemen,YEM,2010,0.18,,23154854,
Zambia,ZMB,2010,5.43,3125.528849,13605986,
Zimbabwe,ZWE,2010,3.93,2458.220626,12697728,
Abkhazia,OWID_ABK,2015,,,,Asia
Afghanistan,AFG,2015,0.21,2068.265904,34413603,Asia
Africa,,2015,,,1182438803,
Africa Eastern and Southern,,2015,5.200565328,3549.480563,,
Africa Western and Central,,2015,6.869467733,4202.057923,,
Akrotiri and Dhekelia,OWID_AKD,2015,,,,Asia
Albania,ALB,2015,6.74,11878.48809,2890524,Europe
Algeria,DZA,2015,0.93,11696.96523,39728020,Africa
American Samoa,ASM,2015,,,55806,Oceania
Andorra,AND,2015,11.01,,77993,Europe
Angola,AGO,2015,7.96,8036.410898,27884380,Africa
Anguilla,AIA,2015,,,14279,North America
Antarctica,ATA,2015,,,,Antarctica
Antigua and Barbuda,ATG,2015,5.89,18594.26162,93571,North America
Arab World,,2015,0.627499783,14411.26238,,
Argentina,ARG,2015,9.55,23933.88661,43075416,South America
Armenia,ARM,2015,5.84,11321.33254,2925559,Asia
Aruba,ABW,2015,,37715.92662,104339,North America
Asia,,2015,,,4432314335,
Australia,AUS,2015,10.83,47636.31964,23932499,Oceania
Austria,AUT,2015,12.07,52798.09946,8678667,Europe
Austria-Hungary,OWID_AUH,2015,,,,Europe
Azerbaijan,AZE,2015,4.58,14853.91055,9622741,Asia
Baden,OWID_BAD,2015,,,,Europe
Bahamas,BHS,2015,4.55,35400.64947,374200,North America
Bahrain,BHR,2015,1.3,48110.73419,1371853,Asia
Bangladesh,BGD,2015,0.021,3700.110821,156256287,Asia
Barbados,BRB,2015,9.33,15382.76569,285327,North America
Bavaria,OWID_BAV,2015,,,,Europe
Belarus,BLR,2015,12,18307.51967,9439424,Europe
Belgium,BEL,2015,11.82,49455.44134,11287931,Europe
Belize,BLZ,2015,6.74,7358.582292,360926,North America
Benin,BEN,2015,2.97,2945.970221,10575962,Africa
Bermuda,BMU,2015,,77842.7539,63695,North America
Bhutan,BTN,2015,0.42,10086.0728,727885,Asia
Bolivia,BOL,2015,4.64,7984.411983,10869732,South America
Bonaire Sint Eustatius and Saba,BES,2015,,,24571,North America
Bosnia and Herzegovina,BIH,2015,6.92,12630.66234,3429362,Europe
Botswana,BWA,2015,6.86,16714.39782,2120716,Africa
Bouvet Island,BVT,2015,,,,Antarctica
Brazil,BRA,2015,7.86,15064.17607,204471759,South America
British Indian Ocean Territory,IOT,2015,,,,Asia
British Virgin Islands,VGB,2015,,,29148,North America
Brunei,BRN,2015,0.46,63147.48349,414914,Asia
Bulgaria,BGR,2015,12.34,19620.15398,7199739,Europe
Burkina Faso,BFA,2015,11.83,1925.332075,18110616,Africa
Burundi,BDI,2015,7.03,825.2056607,10160034,Africa
Cambodia,KHM,2015,6.37,3546.339387,15521435,Asia
Cameroon,CMR,2015,6.17,3458.692713,23298376,Africa
Canada,CAN,2015,8.88,47522.14067,36026668,North America
Cape Verde,CPV,2015,5.95,6266.881779,524740,Africa
Caribbean Small States,,2015,5.857448023,16104.36703,,
Cayman Islands,CYM,2015,,67241.28339,61721,North America
Central African Republic,CAF,2015,2.43,852.7492366,4493171,Africa
Central Europe and the Baltics,,2015,11.99292926,27440.94833,,
Chad,TCD,2015,1.45,1857.107864,14110971,Africa
Channel Islands,OWID_CIS,2015,,,165387,Europe
Chile,CHL,2015,9.26,24440.41526,17969356,South America
China,CHN,2015,7.15,12691.82155,1406847868,Asia
Christmas Island,CXR,2015,,,,Asia
Cocos Islands,CCK,2015,,,,Asia
Colombia,COL,2015,5.78,14095.74836,47520667,South America
Comoros,COM,2015,0.88,2959.498097,777435,Africa
Congo,COG,2015,7.9,5227.934277,4856093,Africa
Cook Islands,COK,2015,,,17581,Oceania
Costa Rica,CRI,2015,4.76,19141.68307,4847805,North America
Cote d'Ivoire,CIV,2015,2.61,4417.150215,23226148,Africa
Croatia,HRV,2015,9.07,24562.45362,4232874,Europe
Cuba,CUB,2015,5.67,,11324777,North America
Curacao,CUW,2015,,26548.7,159850,North America
Cyprus,CYP,2015,10.76,34472.29851,1160987,Europe
Czechia,CZE,2015,14.25,36168.41856,10601390,Europe
Czechoslovakia,OWID_CZS,2015,,,,Europe
Democratic Republic of Congo,COD,2015,2.05,1065.242577,76244532,Africa
Denmark,DNK,2015,10.36,52892.64603,5688695,Europe
Djibouti,DJI,2015,0.49,4488.802658,913998,Africa
Dominica,DMA,2015,11.32,11873.74184,71175,North America
Dominican Republic,DOM,2015,6.61,15328.35951,10281675,North America
Early-demographic dividend,,2015,3.909810868,8518.311588,,
East Asia & Pacific,,2015,6.472068348,14971.18928,,
East Asia & Pacific (IDA & IBRD),,2015,6.262173644,11747.62996,,
East Asia & Pacific (excluding high income),,2015,6.232022312,11624.38756,,
East Germany,OWID_GDR,2015,,,,Europe
Ecuador,ECU,2015,4.98,11896.37516,16212022,South America
Egypt,EGY,2015,0.4,10570.44523,92442549,Africa
El Salvador,SLV,2015,3.59,8143.224442,6325121,North America
Equatorial Guinea,GNQ,2015,9.08,28313.43316,1168575,Africa
Eritrea,ERI,2015,1.42,,3342818,Africa
Eritrea and Ethiopia,OWID_ERE,2015,,,,Africa
Estonia,EST,2015,12.39,31146.75452,1315330,Europe
Eswatini,SWZ,2015,9.84,8304.658458,1104038,Africa
Ethiopia,ETH,2015,2.19,1779.084111,100835453,Africa
Euro area,,2015,11.32569234,43835.85231,,
Europe,,2015,,,744222365,
Europe & Central Asia,,2015,10.08709485,32681.35515,,
Europe & Central Asia (IDA & IBRD),,2015,8.80951673,20875.90422,,
Europe & Central Asia (excluding high income),,2015,8.525547925,20197.04798,,
European Union,,2015,11.37709129,40730.98656,,
Faeroe Islands,FRO,2015,,,48055,Europe
Falkland Islands,FLK,2015,,,2836,South America
Fiji,FJI,2015,3.33,12569.14311,868632,Oceania
Finland,FIN,2015,11.18,45072.59021,5481128,Europe
Fragile and conflict affected situations,,2015,4.410277902,,,
France,FRA,2015,12.64,43345.78643,64453194,Europe
French Guiana,GUF,2015,,,261007,South America
French Polynesia,PYF,2015,,,273119,Oceania
French Southern Territories,ATF,2015,,,,Antarctica
Gabon,GAB,2015,9.57,15510.03895,1947690,Africa
Gambia,GMB,2015,3.67,2058.658146,2085860,Africa
Georgia,GEO,2015,9.61,12605.14007,4024180,Asia
Germany,DEU,2015,13.06,51083.92166,81787411,Europe
Ghana,GHA,2015,3.12,4662.303191,27849203,Africa
Gibraltar,GIB,2015,,,33742,Europe
Greece,GRC,2015,10.49,28248.12596,10659737,Europe
Greenland,GRL,2015,,,56378,North America
Grenada,GRD,2015,9.07,15142.06257,109603,North America
Guadeloupe,GLP,2015,,,400260,North America
Guam,GUM,2015,,,161851,Oceania
Guatemala,GTM,2015,2.55,8125.655534,16252425,North America
Guernsey,GGY,2015,,,,Europe
Guinea,GIN,2015,1.07,2087.935026,11432096,Africa
Guinea-Bissau,GNB,2015,5.05,1800.063382,1737207,Africa
Guyana,GUY,2015,7.35,11261.81371,767433,South America
Haiti,HTI,2015,2.69,2941.816081,10695540,North America
Hanover,OWID_HAN,2015,,,,Europe
Heard Island and McDonald Islands,HMD,2015,,,,Antarctica
Heavily indebted poor countries (HIPC),,2015,4.027647625,2390.346471,,
Hesse Electoral,OWID_HSE,2015,,,,Europe
Hesse Grand Ducal,OWID_HSG,2015,,,,Europe
High income,,2015,9.764919204,47302.85606,,
Honduras,HND,2015,3.49,5283.416914,9112904,North America
Hong Kong,HKG,2015,,57215.94803,7185992,Asia
Hungary,HUN,2015,11.6,27499.32447,9777925,Europe
IBRD only,,2015,6.13515037,11695.27244,,
IDA & IBRD total,,2015,5.614515863,9672.452216,,
IDA blend,,2015,4.589950376,4744.855077,,
IDA only,,2015,3.101211322,2988.549567,,
IDA total,,2015,3.606751786,3582.917934,,
Iceland,ISL,2015,8.74,52142.93281,330237,Europe
India,IND,2015,5.54,5464.394057,1310152392,Asia
Indonesia,IDN,2015,0.6,10149.60387,258383257,Asia
Iran,IRN,2015,1.01,12698.1092,78492208,Asia
Iraq,IRQ,2015,0.37,10122.20078,35572269,Asia
Ireland,IRL,2015,12.47,72251.15354,4652420,Europe
Isle of Man,IMN,2015,,,83232,Europe
Israel,ISR,2015,3.86,37554.59866,7978496,Asia
Italy,ITA,2015,7.59,40247.82904,60578489,Europe
Jamaica,JAM,2015,4.19,9473.106195,2891024,North America
Japan,JPN,2015,7.87,39777.53102,127985139,Asia
Jersey,JEY,2015,,,,Europe
Jordan,JOR,2015,0.69,10145.8367,9266573,Asia
Kazakhstan,KAZ,2015,4.66,24290.41763,17572010,Asia
Kenya,KEN,2015,2.77,3824.759303,47878339,Africa
Kiribati,KIR,2015,0.52,2168.997732,110927,Oceania
Kosovo,OWID_KOS,2015,,9723.580842,,Europe
Kuwait,KWT,2015,0.003,54834.39167,3835588,Asia
Kyrgyzstan,KGZ,2015,7.59,4805.141092,5959126,Asia
Laos,LAO,2015,10.05,6543.670689,6741160,Asia
Late-demographic dividend,,2015,7.435194031,14837.76278,,
Latin America & Caribbean,,2015,6.618937404,16277.30893,,
Latin America & Caribbean (IDA & IBRD),,2015,6.638763762,16220.87129,,
Latin America & Caribbean (excluding high income),,2015,6.515641515,15412.41939,,
Latvia,LVA,2015,12.64,26621.27223,1997675,Europe
Least developed countries: UN classification,,2015,3.24596377,2766.224289,,
Lebanon,LBN,2015,1.65,16299.20776,6532681,Asia
Lesotho,LSO,2015,4.8,2701.421855,2059011,Africa
Liberia,LBR,2015,5.7,1580.479228,4472229,Africa
Libya,LBY,2015,0.029,11022.42921,6418315,Africa
Liechtenstein,LIE,2015,,,37465,Europe
Lithuania,LTU,2015,15.38,30748.19631,2931872,Europe
Low & middle income,,2015,5.540281941,9356.22808,,
Low income,,2015,3.124896116,,,
Lower middle income,,2015,4.429854213,6185.115975,,
Luxembourg,LUX,2015,13.18,110446.0861,566741,Europe
Macao,MAC,2015,,119439.7683,602093,Asia
Madagascar,MDG,2015,1.88,1546.767046,24234080,Africa
Malawi,MWI,2015,3.62,1432.085259,16745305,Africa
Malaysia,MYS,2015,0.85,24787.82375,30270965,Asia
Maldives,MDV,2015,2.07,17284.64789,454914,Asia
Mali,MLI,2015,1.25,2139.736297,17438772,Africa
Malta,MLT,2015,7.56,39845.11457,433559,Europe
Marshall Islands,MHL,2015,,3586.056421,57444,Oceania
Martinique,MTQ,2015,,,378483,North America
Mauritania,MRT,2015,0.033,5127.432282,4046304,Africa
Mauritius,MUS,2015,3.94,19897.4754,1259457,Africa
Mayotte,MYT,2015,,,240011,Africa
Mecklenburg Schwerin,OWID_MEC,2015,,,,Europe
Mexico,MEX,2015,4.92,19268.9144,121858251,North America
Micronesia (country),FSM,2015,2.44,3448.303692,108886,Oceania
Middle East & North Africa,,2015,0.807447692,16034.7001,,
Middle East & North Africa (IDA & IBRD),,2015,0.685778618,10247.21437,,
Middle East & North Africa (excluding high income),,2015,0.685778618,10198.14647,,
Middle income,,2015,5.733983168,10120.16495,,
Modena,OWID_MOD,2015,,,,Europe
Moldova,MDA,2015,11.87,10360.82959,4070705,Europe
Monaco,MCO,2015,,,37723,Europe
Mongolia,MNG,2015,10.97,11022.97853,2998433,Asia
Montenegro,MNE,2015,10.92,18263.6006,626957,Europe
Montserrat,MSR,2015,,,4966,North America
Morocco,MAR,2015,0.7,7126.670586,34663608,Africa
Mozambique,MOZ,2015,2.19,1262.613128,27042001,Africa
Myanmar,MMR,2015,4.41,4268.500677,52680724,Asia
Nagorno-Karabakh,OWID_NAG,2015,,,,Asia
Namibia,NAM,2015,5.23,10662.82993,2314901,Africa
Nauru,NRU,2015,3.71,13551.9626,10374,Oceania
Nepal,NPL,2015,2.05,3331.871769,27015033,Asia
Netherlands,NLD,2015,9.55,52974.11622,16938492,Europe
Netherlands Antilles,ANT,2015,,,318504,North America
New Caledonia,NCL,2015,,,271062,Oceania
New Zealand,NZL,2015,10.44,41086.1153,4614527,Oceania
Nicaragua,NIC,2015,5.03,5630.405738,6223234,North America
Niger,NER,2015,0.55,1132.331205,20001663,Africa
Nigeria,NGA,2015,10.81,5514.770273,181137454,Africa
Niue,NIU,2015,,,1610,Oceania
Norfolk Island,NFK,2015,,,,Oceania
North America,,2015,9.722468478,57440.39959,568911289,
North Korea,PRK,2015,3.82,,25183832,Asia
North Macedonia,MKD,2015,5.93,15072.94754,2079335,Europe
Northern Cyprus,OWID_CYN,2015,,,,Asia
Northern Mariana Islands,MNP,2015,,,55779,Oceania
Norway,NOR,2015,7.52,62987.53586,5199827,Europe
OECD members,,2015,9.193022846,41948.09769,,
Oceania,,2015,,,39858693,
Oman,OMN,2015,0.77,30146.95605,4267341,Asia
Other small states,,2015,5.438124583,22734.93853,,
Pacific island small states,,2015,2.398639645,6931.632959,,
Pakistan,PAK,2015,0.29,4278.346663,199426953,Asia
Palau,PLW,2015,,18338.12827,17665,Oceania
Palestine,PSE,2015,,6048.976597,4529160,Asia
Panama,PAN,2015,7.71,28431.08242,3968490,North America
Papua New Guinea,PNG,2015,1.39,4083.752437,8107772,Oceania
Paraguay,PRY,2015,7.26,11828.14013,6688746,South America
Parma,OWID_PMA,2015,,,,Europe
Peru,PER,2015,6.63,12110.2669,30470739,South America
Philippines,PHL,2015,6.7,7300.13621,102113206,Asia
Pitcairn,PCN,2015,,,,Oceania
Poland,POL,2015,11.63,27797.05842,38034076,Europe
Portugal,PRT,2015,11.88,31118.79067,10368346,Europe
Post-demographic dividend,,2015,10.12890484,45915.05318,,
Pre-demographic dividend,,2015,5.582300116,3566.724277,,
Puerto Rico,PRI,2015,,34311.02963,3381512,North America
Qatar,QAT,2015,1.62,95965.25124,2565708,Asia
Republic of Vietnam,OWID_RVN,2015,,,,Asia
Reunion,REU,2015,,,863359,Africa
Romania,ROU,2015,11.64,23878.18854,19925182,Europe
Russia,RUS,2015,12.47,25488.09612,144985059,Europe
Rwanda,RWA,2015,9.26,1889.158106,11369066,Africa
Saint Barthlemy,,2015,,,9696,
Saint Barthlemy,BLM,2015,,,,North America
Saint Helena,SHN,2015,,,5869,Africa
Saint Kitts and Nevis,KNA,2015,8.88,25569.48412,51204,North America
Saint Lucia,LCA,2015,9.96,14029.59092,179131,North America
Saint Martin (French part),MAF,2015,,,35865,North America
Saint Pierre and Miquelon,SPM,2015,,,5992,North America
Saint Vincent and the Grenadines,VCT,2015,8.46,11973.41937,109135,North America
Samoa,WSM,2015,2.59,5992.439321,193510,Oceania
San Marino,SMR,2015,,58061.8568,33270,Europe
Sao Tome and Principe,STP,2015,7.19,3794.358595,199439,Africa
Saudi Arabia,SAU,2015,0.2,48921.21525,31717676,Asia
Saxony,OWID_SAX,2015,,,,Europe
Senegal,SEN,2015,0.73,2966.455347,14578450,Africa
Serbia,SRB,2015,8.7,15578.20285,8876777,Europe
Serbia and Montenegro,OWID_SRM,2015,,,,Europe
Serbia excluding Kosovo,OWID_SEK,2015,,,,Europe
Seychelles,SYC,2015,18.35,25500.48656,94981,Africa
Sierra Leone,SLE,2015,5.63,1551.823091,7171909,Africa
Singapore,SGP,2015,2.07,89519.73571,5592143,Asia
Sint Maarten (Dutch part),SXM,2015,,41852.40413,39967,North America
Slovakia,SVK,2015,11.53,28676.26561,5435614,Europe
Slovenia,SVN,2015,12.74,33805.03005,2071199,Europe
Small states,,2015,5.356661704,20526.27591,,
Solomon Islands,SLB,2015,1.55,2518.647478,603133,Oceania
Somalia,SOM,2015,0.013,879.2765319,13797204,Africa
Somaliland,OWID_SML,2015,,,,Africa
South Africa,ZAF,2015,9.61,12840.0354,55386369,Africa
South America,,2015,,,412362689,
South Asia,,2015,4.343318398,5153.892746,,
South Asia (IDA & IBRD),,2015,4.343318398,5153.892746,,
South Georgia and the South Sandwich Islands,SGS,2015,,,,South America
South Korea,KOR,2015,10.04,38828.741,50823087,Asia
South Ossetia,OWID_SOS,2015,,,,Asia
South Sudan,SSD,2015,,,10715657,Africa
Spain,ESP,2015,11.32,37377.06802,46671919,Europe
Sri Lanka,LKA,2015,4.1,11890.51653,20908024,Asia
Sub-Saharan Africa,,2015,5.871126301,3818.140158,,
Sub-Saharan Africa (IDA & IBRD),,2015,5.871126301,3818.140158,,
Sub-Saharan Africa (excluding high income),,2015,5.869527096,3816.11404,,
Sudan,SDN,2015,0.52,4187.862722,38902948,Africa
Suriname,SUR,2015,5.81,19317.05451,559136,South America
Svalbard and Jan Mayen,SJM,2015,,,2400,Europe
Sweden,SWE,2015,9.13,50928.96298,9764949,Europe
Switzerland,CHE,2015,11.58,68025.92004,8296775,Europe
Syria,SYR,2015,0.28,,17997411,Asia
Taiwan,TWN,2015,,,23557473,Asia
Tajikistan,TJK,2015,3.11,2984.494913,8454019,Asia
Tanzania,TZA,2015,11.05,2354.138985,51482638,Africa
Thailand,THA,2015,8.36,16285.38657,68714519,Asia
Timor,TLS,2015,2.01,3297.889163,1196294,Asia
Togo,TGO,2015,2.37,1920.469307,7323162,Africa
Tokelau,TKL,2015,,,1247,Oceania
Tonga,TON,2015,0.68,5944.452686,100780,Oceania
Transnistria,OWID_TRS,2015,,,,Europe
Trinidad and Tobago,TTO,2015,6.88,29053.33478,1370332,North America
Tunisia,TUN,2015,1.99,10510.33031,11179951,Africa
Turkey,TUR,2015,2.12,25958.64076,78529413,Asia
Turkmenistan,TKM,2015,5.3,12993.53181,5565283,Asia
Turks and Caicos Islands,TCA,2015,,26693.10354,35979,North America
Tuscany,OWID_TUS,2015,,,,Europe
Tuvalu,TUV,2015,1.98,3720.305315,11099,Oceania
Two Sicilies,OWID_SIC,2015,,,,Europe
USSR,OWID_USS,2015,,,,Europe
Uganda,UGA,2015,15.14,2054.090449,38225447,Africa
Ukraine,UKR,2015,10.16,11237.07446,44921636,Europe
United Arab Emirates,ARE,2015,3.79,65218.82043,9262896,Asia
United Kingdom,GBR,2015,11.21,44840.78264,65860149,Europe
United Korea,OWID_KRU,2015,,,,Asia
United States,USA,2015,9.82,58540.29609,320878312,North America
United States Minor Outlying Islands,UMI,2015,,,,Oceania
United States Virgin Islands,VIR,2015,,,104950,North America
Upper middle income,,2015,7.179354123,15128.86942,,
Uruguay,URY,2015,6.99,22425.83008,3412013,South America
Uzbekistan,UZB,2015,2.59,6086.715742,30929556,Asia
Vanuatu,VUT,2015,2.14,2915.70046,271128,Oceania
Vatican,VAT,2015,,,790,Europe
Venezuela,VEN,2015,6.82,,30081827,South America
Vietnam,VNM,2015,7.86,6438.259854,92677082,Asia
Wallis and Futuna,WLF,2015,,,12262,Oceania
West Germany,OWID_GFR,2015,,,,Europe
Western Sahara,ESH,2015,,,526211,Africa
World,OWID_WRL,2015,6.297859044,15509.99647,7380117870,
Wuerttemburg,OWID_WRT,2015,,,,Europe
Yemen,YEM,2015,0.055,,26497881,Asia
Yemen Arab Republic,OWID_YAR,2015,,,,Asia
Yemen People's Republic,OWID_YPR,2015,,,,Asia
Yugoslavia,OWID_YGS,2015,,,,Europe
Zambia,ZMB,2015,6.89,3443.553254,15879370,Africa
Zanzibar,OWID_ZAN,2015,,,,Africa
Zimbabwe,ZWE,2015,4.92,3198.982129,13814642,Africa
land Islands,ALA,2015,,,,Europe
Afghanistan,AFG,2018,0.21,2033.804389,37171922,
Africa,,2018,,,1275921014,
Africa Eastern and Southern,,2018,5.17091073,3579.271917,,
Africa Western and Central,,2018,6.835266062,4115.235801,,
Albania,ALB,2018,7.17,13323.75336,2882735,
Algeria,DZA,2018,0.95,11642.19835,42228415,
American Samoa,ASM,2018,,,55461,
Andorra,AND,2018,11.02,,77008,
Angola,AGO,2018,6.94,6933.499934,30809787,
Anguilla,AIA,2018,,,14738,
Antigua and Barbuda,ATG,2018,6.38,21030.39507,96282,
Arab World,,2018,0.618598082,14608.97425,,
Argentina,ARG,2018,9.65,22759.39856,44361150,
Armenia,ARM,2018,5.55,12715.10895,2951741,
Aruba,ABW,2018,,,105846,
Asia,,2018,,,4559477874,
Australia,AUS,2018,10.51,49151.68871,24898153,
Austria,AUT,2018,11.96,55297.61829,8891383,
Azerbaijan,AZE,2018,4.41,14209.64941,9949537,
Bahamas,BHS,2018,4.78,37019.99505,385635,
Bahrain,BHR,2018,1.09,46200.44558,1569440,
Bangladesh,BGD,2018,0.019,4440.85547,161376713,
Barbados,BRB,2018,9.69,15674.90432,286640,
Belarus,BLR,2018,11.45,18885.2355,9452615,
Belgium,BEL,2018,11.08,51110.95847,11482180,
Belize,BLZ,2018,6.22,7261.870287,383071,
Benin,BEN,2018,2.81,3160.78067,11485035,
Bermuda,BMU,2018,,81422.1346,62763,
Bhutan,BTN,2018,0.43,11348.44195,754396,
Bolivia,BOL,2018,4.43,8655.531498,11353140,
Bonaire Sint Eustatius and Saba,BES,2018,,,25709,
Bosnia and Herzegovina,BIH,2018,7.15,14386.73185,3323929,
Botswana,BWA,2018,6.59,17634.65619,2254067,
Brazil,BRA,2018,7.42,14668.25616,209469320,
British Virgin Islands,VGB,2018,,,29795,
Brunei,BRN,2018,0.48,60389.18465,428960,
Bulgaria,BGR,2018,12.65,22208.45228,7051610,
Burkina Faso,BFA,2018,12.03,2120.330268,19751466,
Burundi,BDI,2018,7.19,761.5241252,11175379,
Cambodia,KHM,2018,6.64,4159.338194,16249795,
Cameroon,CMR,2018,5.65,3603.548275,25216261,
Canada,CAN,2018,8.94,48796.81378,37074558,
Cape Verde,CPV,2018,5.6,6864.185298,543764,
Caribbean Small States,,2018,5.794512657,15967.57332,,
Cayman Islands,CYM,2018,,71784.04808,64172,
Central African Republic,CAF,2018,2.38,933.1099506,4666375,
Central Europe and the Baltics,,2018,11.93207958,31289.68062,,
Chad,TCD,2018,1.37,1576.321115,15477727,
Channel Islands,OWID_CIS,2018,,,170496,
Chile,CHL,2018,9.07,25028.90999,18729166,
China,CHN,2018,7.05,15242.98586,1427647789,
Colombia,COL,2018,5.74,14314.85558,49661056,
Comoros,COM,2018,0.69,3066.837847,832322,
Congo,COG,2018,9.27,3933.425551,5244363,
Cook Islands,COK,2018,,,17519,
Costa Rica,CRI,2018,4.87,20559.86043,4999443,
Cote d'Ivoire,CIV,2018,2.71,5033.478826,25069226,
Croatia,HRV,2018,9.23,27799.84332,4156407,
Cuba,CUB,2018,5.83,,11338146,
Curacao,CUW,2018,,25054.89523,162753,
Cyprus,CYP,2018,10.81,39559.48796,1189262,
Czechia,CZE,2018,14.45,39932.99219,10665679,
Democratic Republic of Congo,COD,2018,2,1085.893688,84068092,
Denmark,DNK,2018,10.26,56281.28887,5752131,
Djibouti,DJI,2018,0.43,5214.072187,958923,
Dominica,DMA,2018,11.18,11537.01907,71626,
Dominican Republic,DOM,2018,6.68,17711.79553,10627147,
Early-demographic dividend,,2018,3.892436163,9412.410736,,
East Asia & Pacific,,2018,6.430730189,17056.62665,,
East Asia & Pacific (IDA & IBRD),,2018,6.224374693,13870.48058,,
East Asia & Pacific (excluding high income),,2018,6.194505725,13726.16124,,
Ecuador,ECU,2018,4.2,11561.74785,17084359,
Egypt,EGY,2018,0.36,11366.33552,98423602,
El Salvador,SLV,2018,3.89,8614.017959,6420740,
Equatorial Guinea,GNQ,2018,7.23,20386.01387,1308966,
Eritrea,ERI,2018,1.44,,3452797,
Estonia,EST,2018,9.23,35208.02396,1322913,
Eswatini,SWZ,2018,10.04,8520.592386,1136274,
Ethiopia,ETH,2018,2.36,2103.515858,109224410,
Euro area,,2018,11.40251253,46349.21517,,
Europe,,2018,,,747608696,
Europe & Central Asia,,2018,9.764031941,34684.50279,,
Europe & Central Asia (IDA & IBRD),,2018,8.053197891,22555.66725,,
Europe & Central Asia (excluding high income),,2018,7.680729612,21673.72681,,
European Union,,2018,11.44471551,43555.48671,,
Faeroe Islands,FRO,2018,,,48497,
Falkland Islands,FLK,2018,,,3236,
Fiji,FJI,2018,3.32,13846.15884,883490,
Finland,FIN,2018,10.78,48130.29239,5522585,
Fragile and conflict affected situations,,2018,4.358818954,,,
France,FRA,2018,12.33,45251.90541,64990512,
French Guiana,GUF,2018,,,282936,
French Polynesia,PYF,2018,,,277673,
Gabon,GAB,2018,8.74,14744.43433,2119275,
Gambia,GMB,2018,3.55,2158.077558,2280092,
Georgia,GEO,2018,8.25,14253.40899,4002946,
Germany,DEU,2018,12.91,53463.40148,83124413,
Ghana,GHA,2018,2.75,5177.883989,29767108,
Gibraltar,GIB,2018,,,33715,
Greece,GRC,2018,10.18,29150.69449,10522244,
Greenland,GRL,2018,,,56565,
Grenada,GRD,2018,9.48,16801.95524,111449,
Guadeloupe,GLP,2018,,,399848,
Guam,GUM,2018,,,165770,
Guatemala,GTM,2018,2.45,8462.172107,17247855,
Guinea,GIN,2018,1.11,2499.707266,12414292,
Guinea-Bissau,GNB,2018,5.38,1901.931739,1874304,
Guyana,GUY,2018,6.89,12477.57671,779007,
Haiti,HTI,2018,2.73,2992.310411,11123183,
Heavily indebted poor countries (HIPC),,2018,4.065759856,2536.704844,,
High income,,2018,9.779655995,49680.43585,,
Honduras,HND,2018,3.76,5680.362884,9587523,
Hong Kong,HKG,2018,,61062.94765,7371728,
Hungary,HUN,2018,11.35,31095.5575,9707502,
IBRD only,,2018,5.97662907,13105.40757,,
IDA & IBRD total,,2018,5.487421484,10724.13013,,
IDA blend,,2018,4.626759114,4874.585321,,
IDA only,,2018,3.201362804,3312.050296,,
IDA total,,2018,3.683914896,3831.850861,,
Iceland,ISL,2018,9.12,56722.11937,336712,
India,IND,2018,5.54,6518.845055,1352642283,
Indonesia,IDN,2018,0.57,11371.72556,267670549,
Iran,IRN,2018,1.03,13471.86064,81800204,
Iraq,IRQ,2018,0.39,10346.21296,38433604,
Ireland,IRL,2018,12.88,84303.34089,4818694,
Isle of Man,IMN,2018,,,84073,
Israel,ISR,2018,4.21,39418.34531,8381507,
Italy,ITA,2018,7.84,42052.55638,60627291,
Jamaica,JAM,2018,4.22,9734.862288,2934853,
Japan,JPN,2018,7.96,41182.3802,127202190,
Jordan,JOR,2018,0.69,10013.39766,9965322,
Kazakhstan,KAZ,2018,4.76,25544.34476,18319616,
Kenya,KEN,2018,2.78,4203.838273,51392570,
Kiribati,KIR,2018,0.46,2254.059232,115842,
Kosovo,OWID_KOS,2018,,10895.044,,
Kuwait,KWT,2018,0.003,50478.58751,4137314,
Kyrgyzstan,KGZ,2018,6.26,5133.151915,6304025,
Laos,LAO,2018,10.72,7592.829475,7061498,
Late-demographic dividend,,2018,7.24966961,16763.17611,,
Latin America & Caribbean,,2018,6.331605519,16418.77639,,
Latin America & Caribbean (IDA & IBRD),,2018,6.341037019,16367.16306,,
Latin America & Caribbean (excluding high income),,2018,6.33674686,15494.52229,,
Latvia,LVA,2018,12.77,30036.08655,1928461,
Least developed countries: UN classification,,2018,3.33836611,3003.338789,,
Lebanon,LBN,2018,1.71,15588.15287,6859408,
Lesotho,LSO,2018,4.59,2614.658849,2108327,
Liberia,LBR,2018,6.12,1497.004787,4818976,
Libya,LBY,2018,0.019,15017.99357,6678565,
Liechtenstein,LIE,2018,,,37918,
Lithuania,LTU,2018,13.22,35427.46186,2801270,
Low & middle income,,2018,5.4271187,10379.59888,,
Low income,,2018,3.195235954,,,
Lower middle income,,2018,4.43451737,6954.2177,,
Luxembourg,LUX,2018,12.94,113589.6705,604244,
Macao,MAC,2018,,132416.8029,631633,
Madagascar,MDG,2018,1.97,1592.053558,26262313,
Malawi,MWI,2018,3.63,1471.037249,18143215,
Malaysia,MYS,2018,0.85,27558.13695,31528033,
Maldives,MDV,2018,2.22,18795.53035,515703,
Mali,MLI,2018,1.28,2283.702413,19077755,
Malta,MLT,2018,7.99,43313.47703,439255,
Marshall Islands,MHL,2018,,3806.689724,58412,
Martinique,MTQ,2018,,,375672,
Mauritania,MRT,2018,0.036,5042.431198,4403312,
Mauritius,MUS,2018,4.35,22208.13812,1267184,
Mayotte,MYT,2018,,,259526,
Mexico,MEX,2018,5,19928.39566,126190782,
Micronesia (country),FSM,2018,2.48,3460.909048,112640,
Middle East & North Africa,,2018,0.812701073,16431.85564,,
Middle East & North Africa (IDA & IBRD),,2018,0.682973122,10807.50346,,
Middle East & North Africa (excluding high income),,2018,0.682973122,10754.17509,,
Middle income,,2018,5.615465949,11274.61086,,
Moldova,MDA,2018,11.43,12363.14684,4051950,
Monaco,MCO,2018,,,38682,
Mongolia,MNG,2018,8.19,11915.55675,3170214,
Montenegro,MNE,2018,11.47,20686.57591,627803,
Montserrat,MSR,2018,,,4993,
Morocco,MAR,2018,0.69,7446.93622,36029089,
Mozambique,MOZ,2018,2.3,1289.735948,29496009,
Myanmar,MMR,2018,5.12,5029.188086,53708318,
Namibia,NAM,2018,5.43,10092.25882,2448300,
Nauru,NRU,2018,3.71,13636.36094,10678,
Nepal,NPL,2018,2.05,3773.715918,28095712,
Netherlands,NLD,2018,9.61,56060.91363,17059560,
New Caledonia,NCL,2018,,,279986,
New Zealand,NZL,2018,10.63,42866.12723,4743131,
Nicaragua,NIC,2018,5.18,5729.688224,6465502,
Niger,NER,2018,0.67,1200.972464,22442831,
Nigeria,NGA,2018,10.84,5155.075994,195874685,
Niue,NIU,2018,,,1610,
North America,,2018,9.772314908,60286.85774,582921781,
North Korea,PRK,2018,3.8,,25549606,
North Macedonia,MKD,2018,6.16,16093.31042,2082956,
Northern Mariana Islands,MNP,2018,,,56889,
Norway,NOR,2018,7.41,64341.2589,5337960,
OECD members,,2018,9.192062122,44062.46223,,
Oceania,,2018,,,41570823,
Oman,OMN,2018,0.78,28350.94353,4829476,
Other small states,,2018,5.115111992,22687.31415,,
Pacific island small states,,2018,2.471719194,7410.7022,,
Pakistan,PAK,2018,0.34,4739.472713,212228288,
Palau,PLW,2018,,18444.30776,17911,
Palestine,PSE,2018,,6318.210068,4862978,
Panama,PAN,2018,7.98,31012.94615,4176868,
Papua New Guinea,PNG,2018,1.39,4190.094895,8606324,
Paraguay,PRY,2018,7.58,12827.70802,6956069,
Peru,PER,2018,6.38,12781.41644,31989265,
Philippines,PHL,2018,6.86,8516.136549,106651394,
Poland,POL,2018,11.71,31674.13162,37921585,
Portugal,PRT,2018,12.03,34040.72556,10256192,
Post-demographic dividend,,2018,10.09703177,48359.20575,,
Pre-demographic dividend,,2018,5.567612589,3529.137179,,
Puerto Rico,PRI,2018,,34299.35854,3039598,
Qatar,QAT,2018,1.59,90970.0609,2781682,
Reunion,REU,2018,,,882531,
Romania,ROU,2018,11.74,28523.47318,19506110,
Russia,RUS,2018,11.19,26656.40954,145734034,
Rwanda,RWA,2018,8.95,2088.749224,12301969,
Saint Barthlemy,,2018,,,9824,
Saint Helena,SHN,2018,,,6039,
Saint Kitts and Nevis,KNA,2018,8.94,25901.6333,52438,
Saint Lucia,LCA,2018,10.6,15261.36435,181890,
Saint Martin (French part),MAF,2018,,,37264,
Saint Pierre and Miquelon,SPM,2018,,,5845,
Saint Vincent and the Grenadines,VCT,2018,9.06,12466.41614,110210,
Samoa,WSM,2018,2.66,6322.208997,196128,
San Marino,SMR,2018,,59576.42939,33784,
Sao Tome and Principe,STP,2018,5.88,3993.278796,211032,
Saudi Arabia,SAU,2018,0.19,47592.76715,33702757,
Senegal,SEN,2018,0.76,3309.486173,15854324,
Serbia,SRB,2018,8.75,17452.7959,8802741,
Seychelles,SYC,2018,20.5,27342.16165,97094,
Sierra Leone,SLE,2018,5.7,1663.29348,7650149,
Singapore,SGP,2018,2.03,98222.84604,5757503,
Sint Maarten (Dutch part),SXM,2018,,35342.10661,41936,
Slovakia,SVK,2018,11.14,31132.57297,5453017,
Slovenia,SVN,2018,11.9,37968.35206,2077835,
Small states,,2018,5.104703759,20544.17697,,
Solomon Islands,SLB,2018,1.83,2697.646431,652856,
Somalia,SOM,2018,0.009,866.7653021,15008225,
South Africa,ZAF,2018,9.52,12627.92858,57792520,
South America,,2018,,,423581098,
South Asia,,2018,4.333294381,6072.748645,,
South Asia (IDA & IBRD),,2018,4.333294381,6072.748645,,
South Korea,KOR,2018,9.7,41948.34601,51171700,
South Sudan,SSD,2018,,,10975924,
Spain,ESP,2018,12.72,40312.54759,46692863,
Sri Lanka,LKA,2018,4.1,12860.32083,21228760,
Sub-Saharan Africa,,2018,5.837510432,3800.614533,,
Sub-Saharan Africa (IDA & IBRD),,2018,5.837510432,3800.614533,,
Sub-Saharan Africa (excluding high income),,2018,5.835743457,3798.510049,,
Sudan,SDN,2018,0.51,4344.529887,41801532,
Suriname,SUR,2018,5.33,19005.65435,575987,
Sweden,SWE,2018,8.93,52349.29243,9971630,
Switzerland,CHE,2018,11.53,70663.4876,8525614,
Syria,SYR,2018,0.24,,16945062,
Taiwan,TWN,2018,,,23726460,
Tajikistan,TJK,2018,3.28,3415.322336,9100847,
Tanzania,TZA,2018,11.27,2590.201138,56313444,
Thailand,THA,2018,8.3,18095.73657,69428454,
Timor,TLS,2018,2.17,3051.668117,1267975,
Togo,TGO,2018,2.46,2061.334176,7889095,
Tokelau,TKL,2018,,,1318,
Tonga,TON,2018,0.8,6411.289368,103199,
Trinidad and Tobago,TTO,2018,6.72,26250.37224,1389841,
Tunisia,TUN,2018,2.12,10763.72978,11565203,
Turkey,TUR,2018,2.05,28312.68342,82340090,
Turkmenistan,TKM,2018,4.93,14845.34465,5850902,
Turks and Caicos Islands,TCA,2018,,28160.88929,37667,
Tuvalu,TUV,2018,1.52,3945.563673,11505,
Uganda,UGA,2018,15.09,2121.96782,42729032,
Ukraine,UKR,2018,8.32,12338.00245,44246158,
United Arab Emirates,ARE,2018,3.9,66968.22118,9630966,
United Kingdom,GBR,2018,11.45,46037.90054,67141678,
United States,USA,2018,9.87,61585.75604,327096263,
United States Virgin Islands,VIR,2018,,,104672,
Upper middle income,,2018,6.963591804,16893.68555,,
Uruguay,URY,2018,6.92,23035.08339,3449290,
Uzbekistan,UZB,2018,2.59,6755.480974,32476232,
Vanuatu,VUT,2018,2.25,3093.461547,292675,
Vatican,VAT,2018,,,810,
Venezuela,VEN,2018,4.14,,28887117,
Vietnam,VNM,2018,8.66,7585.943155,95545959,
Wallis and Futuna,WLF,2018,,,11653,
Western Sahara,ESH,2018,,,567396,
World,OWID_WRL,2018,6.18140363,16636.84801,7631091110,
Yemen,YEM,2018,0.051,,28498683,
Zambia,ZMB,2018,6.54,3521.542063,17351714,
Zimbabwe,ZWE,2018,4.67,3341.665418,14438812,
